[
  {
    "id": 9,
    "mawb_id": 0,
    "type": 50,
    "preparation_info": "\"[{\\\"xCoord\\\":457.0,\\\"yCoord\\\":48.0,\\\"fontWidth\\\":200.0,\\\"isBold\\\":\\\"1\\\",\\\"font\\\":\\\"Times-Roman\\\",\\\"fontSize\\\":12.0,\\\"fontColor\\\":\\\"Black\\\",\\\"imageWidth\\\":0.0,\\\"imageHeight\\\":0.0,\\\"itemDisplayName\\\":\\\"主单号\\\",\\\"itemContent\\\":\\\"756-29439512\\\",\\\"itemName\\\":\\\"mawbNo\\\",\\\"isImage\\\":false},{\\\"xCoord\\\":32.0,\\\"yCoord\\\":48.0,\\\"fontWidth\\\":200.0,\\\"isBold\\\":\\\"1\\\",\\\"font\\\":\\\"Times-Roman\\\",\\\"fontSize\\\":12.0,\\\"fontColor\\\":\\\"Black\\\",\\\"imageWidth\\\":0.0,\\\"imageHeight\\\":0.0,\\\"itemDisplayName\\\":\\\"主单号1\\\",\\\"itemContent\\\":\\\"756\\\",\\\"itemName\\\":\\\"mawbNo_1\\\",\\\"isImage\\\":false},{\\\"xCoord\\\":90.0,\\\"yCoord\\\":48.0,\\\"fontWidth\\\":200.0,\\\"isBold\\\":\\\"1\\\",\\\"font\\\":\\\"Times-Roman\\\",\\\"fontSize\\\":12.0,\\\"fontColor\\\":\\\"Black\\\",\\\"imageWidth\\\":0.0,\\\"imageHeight\\\":0.0,\\\"itemDisplayName\\\":\\\"主单号2\\\",\\\"itemContent\\\":\\\"29439512\\\",\\\"itemName\\\":\\\"mawbNo_2\\\",\\\"isImage\\\":false},{\\\"xCoord\\\":59.0,\\\"yCoord\\\":48.0,\\\"fontWidth\\\":200.0,\\\"isBold\\\":\\\"1\\\",\\\"font\\\":\\\"Times-Roman\\\",\\\"fontSize\\\":12.0,\\\"fontColor\\\":\\\"Black\\\",\\\"imageWidth\\\":0.0,\\\"imageHeight\\\":0.0,\\\"itemDisplayName\\\":\\\"polCode\\\",\\\"itemContent\\\":\\\"TAO\\\",\\\"itemName\\\":\\\"polCode\\\",\\\"isImage\\\":false},{\\\"xCoord\\\":0.0,\\\"yCoord\\\":0.0,\\\"fontWidth\\\":200.0,\\\"isBold\\\":\\\"0\\\",\\\"font\\\":\\\"Times-Roman\\\",\\\"fontSize\\\":10.0,\\\"fontColor\\\":\\\"Black\\\",\\\"imageWidth\\\":0.0,\\\"imageHeight\\\":0.0,\\\"itemDisplayName\\\":\\\"订舱代理\\\",\\\"itemContent\\\":\\\"\\\",\\\"itemName\\\":\\\"shippingAgent\\\",\\\"isImage\\\":false},{\\\"xCoord\\\":0.0,\\\"yCoord\\\":0.0,\\\"fontWidth\\\":200.0,\\\"isBold\\\":\\\"0\\\",\\\"font\\\":\\\"Times-Roman\\\",\\\"fontSize\\\":10.0,\\\"fontColor\\\":\\\"Black\\\",\\\"imageWidth\\\":0.0,\\\"imageHeight\\\":0.0,\\\"itemDisplayName\\\":\\\"订舱代理名称\\\",\\\"itemContent\\\":\\\"\\\",\\\"itemName\\\":\\\"shippingAgentName\\\",\\\"isImage\\\":false},{\\\"xCoord\\\":207.0,\\\"yCoord\\\":74.0,\\\"fontWidth\\\":200.0,\\\"isBold\\\":\\\"0\\\",\\\"font\\\":\\\"Times-Roman\\\",\\\"fontSize\\\":10.0,\\\"fontColor\\\":\\\"Black\\\",\\\"imageWidth\\\":0.0,\\\"imageHeight\\\":0.0,\\\"itemDisplayName\\\":\\\"发件人税号\\\",\\\"itemContent\\\":\\\"\\\",\\\"itemName\\\":\\\"shipperTaxNo\\\",\\\"isImage\\\":false},{\\\"xCoord\\\":37.0,\\\"yCoord\\\":74.0,\\\"fontWidth\\\":300.0,\\\"isBold\\\":\\\"0\\\",\\\"font\\\":\\\"Times-Roman\\\",\\\"fontSize\\\":10.0,\\\"fontColor\\\":\\\"Black\\\",\\\"imageWidth\\\":0.0,\\\"imageHeight\\\":0.0,\\\"itemDisplayName\\\":\\\"shipperAddress1\\\",\\\"itemContent\\\":\\\"\\\",\\\"itemName\\\":\\\"shipperAddress1\\\",\\\"isImage\\\":false},{\\\"xCoord\\\":37.0,\\\"yCoord\\\":83.0,\\\"fontWidth\\\":300.0,\\\"isBold\\\":\\\"0\\\",\\\"font\\\":\\\"Times-Roman\\\",\\\"fontSize\\\":10.0,\\\"fontColor\\\":\\\"Black\\\",\\\"imageWidth\\\":0.0,\\\"imageHeight\\\":0.0,\\\"itemDisplayName\\\":\\\"shipperAddress2\\\",\\\"itemContent\\\":\\\"\\\",\\\"itemName\\\":\\\"shipperAddress2\\\",\\\"isImage\\\":false},{\\\"xCoord\\\":37.0,\\\"yCoord\\\":92.0,\\\"fontWidth\\\":300.0,\\\"isBold\\\":\\\"0\\\",\\\"font\\\":\\\"Times-Roman\\\",\\\"fontSize\\\":10.0,\\\"fontColor\\\":\\\"Black\\\",\\\"imageWidth\\\":0.0,\\\"imageHeight\\\":0.0,\\\"itemDisplayName\\\":\\\"shipperAddress3\\\",\\\"itemContent\\\":\\\"\\\",\\\"itemName\\\":\\\"shipperAddress3\\\",\\\"isImage\\\":false},{\\\"xCoord\\\":37.0,\\\"yCoord\\\":101.0,\\\"fontWidth\\\":300.0,\\\"isBold\\\":\\\"0\\\",\\\"font\\\":\\\"Times-Roman\\\",\\\"fontSize\\\":10.0,\\\"fontColor\\\":\\\"Black\\\",\\\"imageWidth\\\":0.0,\\\"imageHeight\\\":0.0,\\\"itemDisplayName\\\":\\\"shipperAddress4\\\",\\\"itemContent\\\":\\\"\\\",\\\"itemName\\\":\\\"shipperAddress4\\\",\\\"isImage\\\":false},{\\\"xCoord\\\":37.0,\\\"yCoord\\\":110.0,\\\"fontWidth\\\":300.0,\\\"isBold\\\":\\\"0\\\",\\\"font\\\":\\\"Times-Roman\\\",\\\"fontSize\\\":10.0,\\\"fontColor\\\":\\\"Black\\\",\\\"imageWidth\\\":0.0,\\\"imageHeight\\\":0.0,\\\"itemDisplayName\\\":\\\"shipperAddress5\\\",\\\"itemContent\\\":\\\"\\\",\\\"itemName\\\":\\\"shipperAddress5\\\",\\\"isImage\\\":false},{\\\"xCoord\\\":37.0,\\\"yCoord\\\":119.0,\\\"fontWidth\\\":300.0,\\\"isBold\\\":\\\"0\\\",\\\"font\\\":\\\"Times-Roman\\\",\\\"fontSize\\\":10.0,\\\"fontColor\\\":\\\"Black\\\",\\\"imageWidth\\\":0.0,\\\"imageHeight\\\":0.0,\\\"itemDisplayName\\\":\\\"shipperAddress6\\\",\\\"itemContent\\\":\\\"\\\",\\\"itemName\\\":\\\"shipperAddress6\\\",\\\"isImage\\\":false},{\\\"xCoord\\\":207.0,\\\"yCoord\\\":145.0,\\\"fontWidth\\\":200.0,\\\"isBold\\\":\\\"0\\\",\\\"font\\\":\\\"Times-Roman\\\",\\\"fontSize\\\":10.0,\\\"fontColor\\\":\\\"Black\\\",\\\"imageWidth\\\":0.0,\\\"imageHeight\\\":0.0,\\\"itemDisplayName\\\":\\\"收件人税号\\\",\\\"itemContent\\\":\\\"\\\",\\\"itemName\\\":\\\"consigneeTaxNo\\\",\\\"isImage\\\":false},{\\\"xCoord\\\":37.0,\\\"yCoord\\\":145.0,\\\"fontWidth\\\":300.0,\\\"isBold\\\":\\\"0\\\",\\\"font\\\":\\\"Times-Roman\\\",\\\"fontSize\\\":10.0,\\\"fontColor\\\":\\\"Black\\\",\\\"imageWidth\\\":0.0,\\\"imageHeight\\\":0.0,\\\"itemDisplayName\\\":\\\"consigneeAddress1\\\",\\\"itemContent\\\":\\\"\\\",\\\"itemName\\\":\\\"consigneeAddress1\\\",\\\"isImage\\\":false},{\\\"xCoord\\\":37.0,\\\"yCoord\\\":153.0,\\\"fontWidth\\\":300.0,\\\"isBold\\\":\\\"0\\\",\\\"font\\\":\\\"Times-Roman\\\",\\\"fontSize\\\":10.0,\\\"fontColor\\\":\\\"Black\\\",\\\"imageWidth\\\":0.0,\\\"imageHeight\\\":0.0,\\\"itemDisplayName\\\":\\\"consigneeAddress2\\\",\\\"itemContent\\\":\\\"\\\",\\\"itemName\\\":\\\"consigneeAddress2\\\",\\\"isImage\\\":false},{\\\"xCoord\\\":37.0,\\\"yCoord\\\":162.0,\\\"fontWidth\\\":300.0,\\\"isBold\\\":\\\"0\\\",\\\"font\\\":\\\"Times-Roman\\\",\\\"fontSize\\\":10.0,\\\"fontColor\\\":\\\"Black\\\",\\\"imageWidth\\\":0.0,\\\"imageHeight\\\":0.0,\\\"itemDisplayName\\\":\\\"consigneeAddress3\\\",\\\"itemContent\\\":\\\"\\\",\\\"itemName\\\":\\\"consigneeAddress3\\\",\\\"isImage\\\":false},{\\\"xCoord\\\":37.0,\\\"yCoord\\\":171.0,\\\"fontWidth\\\":300.0,\\\"isBold\\\":\\\"0\\\",\\\"font\\\":\\\"Times-Roman\\\",\\\"fontSize\\\":10.0,\\\"fontColor\\\":\\\"Black\\\",\\\"imageWidth\\\":0.0,\\\"imageHeight\\\":0.0,\\\"itemDisplayName\\\":\\\"consigneeAddress4\\\",\\\"itemContent\\\":\\\"\\\",\\\"itemName\\\":\\\"consigneeAddress4\\\",\\\"isImage\\\":false},{\\\"xCoord\\\":37.0,\\\"yCoord\\\":180.0,\\\"fontWidth\\\":300.0,\\\"isBold\\\":\\\"0\\\",\\\"font\\\":\\\"Times-Roman\\\",\\\"fontSize\\\":10.0,\\\"fontColor\\\":\\\"Black\\\",\\\"imageWidth\\\":0.0,\\\"imageHeight\\\":0.0,\\\"itemDisplayName\\\":\\\"consigneeAddress5\\\",\\\"itemContent\\\":\\\"\\\",\\\"itemName\\\":\\\"consigneeAddress5\\\",\\\"isImage\\\":false},{\\\"xCoord\\\":37.0,\\\"yCoord\\\":189.0,\\\"fontWidth\\\":300.0,\\\"isBold\\\":\\\"0\\\",\\\"font\\\":\\\"Times-Roman\\\",\\\"fontSize\\\":10.0,\\\"fontColor\\\":\\\"Black\\\",\\\"imageWidth\\\":0.0,\\\"imageHeight\\\":0.0,\\\"itemDisplayName\\\":\\\"consigneeAddress6\\\",\\\"itemContent\\\":\\\"\\\",\\\"itemName\\\":\\\"consigneeAddress6\\\",\\\"isImage\\\":false},{\\\"xCoord\\\":300.0,\\\"yCoord\\\":110.0,\\\"fontWidth\\\":200.0,\\\"isBold\\\":\\\"0\\\",\\\"font\\\":\\\"Times-Roman\\\",\\\"fontSize\\\":10.0,\\\"fontColor\\\":\\\"Black\\\",\\\"imageWidth\\\":0.0,\\\"imageHeight\\\":0.0,\\\"itemDisplayName\\\":\\\"issuedBy\\\",\\\"itemContent\\\":\\\"\\\",\\\"itemName\\\":\\\"issuedBy\\\",\\\"isImage\\\":false},{\\\"xCoord\\\":307.0,\\\"yCoord\\\":218.0,\\\"fontWidth\\\":200.0,\\\"isBold\\\":\\\"0\\\",\\\"font\\\":\\\"Times-Roman\\\",\\\"fontSize\\\":10.0,\\\"fontColor\\\":\\\"Black\\\",\\\"imageWidth\\\":0.0,\\\"imageHeight\\\":0.0,\\\"itemDisplayName\\\":\\\"accountingInfo\\\",\\\"itemContent\\\":\\\"\\\",\\\"itemName\\\":\\\"accountingInfo\\\",\\\"isImage\\\":false},{\\\"xCoord\\\":37.0,\\\"yCoord\\\":218.0,\\\"fontWidth\\\":200.0,\\\"isBold\\\":\\\"0\\\",\\\"font\\\":\\\"Times-Roman\\\",\\\"fontSize\\\":10.0,\\\"fontColor\\\":\\\"Black\\\",\\\"imageWidth\\\":0.0,\\\"imageHeight\\\":0.0,\\\"itemDisplayName\\\":\\\"issuingName\\\",\\\"itemContent\\\":\\\"\\\",\\\"itemName\\\":\\\"issuingName\\\",\\\"isImage\\\":false},{\\\"xCoord\\\":0.0,\\\"yCoord\\\":0.0,\\\"fontWidth\\\":200.0,\\\"isBold\\\":\\\"0\\\",\\\"font\\\":\\\"Times-Roman\\\",\\\"fontSize\\\":10.0,\\\"fontColor\\\":\\\"Black\\\",\\\"imageWidth\\\":0.0,\\\"imageHeight\\\":0.0,\\\"itemDisplayName\\\":\\\"issuingCity\\\",\\\"itemContent\\\":\\\"\\\",\\\"itemName\\\":\\\"issuingCity\\\",\\\"isImage\\\":false},{\\\"xCoord\\\":37.0,\\\"yCoord\\\":262.0,\\\"fontWidth\\\":200.0,\\\"isBold\\\":\\\"0\\\",\\\"font\\\":\\\"Times-Roman\\\",\\\"fontSize\\\":10.0,\\\"fontColor\\\":\\\"Black\\\",\\\"imageWidth\\\":0.0,\\\"imageHeight\\\":0.0,\\\"itemDisplayName\\\":\\\"agentIataCode\\\",\\\"itemContent\\\":\\\"1111111\\\",\\\"itemName\\\":\\\"agentIataCode\\\",\\\"isImage\\\":false},{\\\"xCoord\\\":167.0,\\\"yCoord\\\":262.0,\\\"fontWidth\\\":200.0,\\\"isBold\\\":\\\"0\\\",\\\"font\\\":\\\"Times-Roman\\\",\\\"fontSize\\\":10.0,\\\"fontColor\\\":\\\"Black\\\",\\\"imageWidth\\\":0.0,\\\"imageHeight\\\":0.0,\\\"itemDisplayName\\\":\\\"agentAccountNo\\\",\\\"itemContent\\\":\\\"\\\",\\\"itemName\\\":\\\"agentAccountNo\\\",\\\"isImage\\\":false},{\\\"xCoord\\\":0.0,\\\"yCoord\\\":0.0,\\\"fontWidth\\\":200.0,\\\"isBold\\\":\\\"0\\\",\\\"font\\\":\\\"Times-Roman\\\",\\\"fontSize\\\":10.0,\\\"fontColor\\\":\\\"Black\\\",\\\"imageWidth\\\":0.0,\\\"imageHeight\\\":0.0,\\\"itemDisplayName\\\":\\\"productCode\\\",\\\"itemContent\\\":\\\"\\\",\\\"itemName\\\":\\\"productCode\\\",\\\"isImage\\\":false},{\\\"xCoord\\\":136.0,\\\"yCoord\\\":426.0,\\\"fontWidth\\\":200.0,\\\"isBold\\\":\\\"0\\\",\\\"font\\\":\\\"Times-Roman\\\",\\\"fontSize\\\":10.0,\\\"fontColor\\\":\\\"Black\\\",\\\"imageWidth\\\":0.0,\\\"imageHeight\\\":0.0,\\\"itemDisplayName\\\":\\\"goodCode\\\",\\\"itemContent\\\":\\\"\\\",\\\"itemName\\\":\\\"goodCode\\\",\\\"isImage\\\":false},{\\\"xCoord\\\":0.0,\\\"yCoord\\\":0.0,\\\"fontWidth\\\":200.0,\\\"isBold\\\":\\\"0\\\",\\\"font\\\":\\\"Times-Roman\\\",\\\"fontSize\\\":10.0,\\\"fontColor\\\":\\\"Black\\\",\\\"imageWidth\\\":0.0,\\\"imageHeight\\\":0.0,\\\"itemDisplayName\\\":\\\"airPortDeparture\\\",\\\"itemContent\\\":\\\"TAO\\\",\\\"itemName\\\":\\\"airPortDeparture\\\",\\\"isImage\\\":false},{\\\"xCoord\\\":37.0,\\\"yCoord\\\":286.0,\\\"fontWidth\\\":200.0,\\\"isBold\\\":\\\"0\\\",\\\"font\\\":\\\"Times-Roman\\\",\\\"fontSize\\\":10.0,\\\"fontColor\\\":\\\"Black\\\",\\\"imageWidth\\\":0.0,\\\"imageHeight\\\":0.0,\\\"itemDisplayName\\\":\\\"requestedRouting\\\",\\\"itemContent\\\":\\\"QINGDAO\\\",\\\"itemName\\\":\\\"requestedRouting\\\",\\\"isImage\\\":false},{\\\"xCoord\\\":0.0,\\\"yCoord\\\":0.0,\\\"fontWidth\\\":200.0,\\\"isBold\\\":\\\"0\\\",\\\"font\\\":\\\"Times-Roman\\\",\\\"fontSize\\\":10.0,\\\"fontColor\\\":\\\"Black\\\",\\\"imageWidth\\\":0.0,\\\"imageHeight\\\":0.0,\\\"itemDisplayName\\\":\\\"slac\\\",\\\"itemContent\\\":\\\"\\\",\\\"itemName\\\":\\\"slac\\\",\\\"isImage\\\":false},{\\\"xCoord\\\":37.0,\\\"yCoord\\\":312.0,\\\"fontWidth\\\":200.0,\\\"isBold\\\":\\\"0\\\",\\\"font\\\":\\\"Times-Roman\\\",\\\"fontSize\\\":10.0,\\\"fontColor\\\":\\\"Black\\\",\\\"imageWidth\\\":0.0,\\\"imageHeight\\\":0.0,\\\"itemDisplayName\\\":\\\"to1\\\",\\\"itemContent\\\":\\\"\\\",\\\"itemName\\\":\\\"to1\\\",\\\"isImage\\\":false},{\\\"xCoord\\\":70.0,\\\"yCoord\\\":312.0,\\\"fontWidth\\\":200.0,\\\"isBold\\\":\\\"0\\\",\\\"font\\\":\\\"Times-Roman\\\",\\\"fontSize\\\":10.0,\\\"fontColor\\\":\\\"Black\\\",\\\"imageWidth\\\":0.0,\\\"imageHeight\\\":0.0,\\\"itemDisplayName\\\":\\\"by1\\\",\\\"itemContent\\\":\\\"\\\",\\\"itemName\\\":\\\"by1\\\",\\\"isImage\\\":false},{\\\"xCoord\\\":196.0,\\\"yCoord\\\":312.0,\\\"fontWidth\\\":200.0,\\\"isBold\\\":\\\"0\\\",\\\"font\\\":\\\"Times-Roman\\\",\\\"fontSize\\\":10.0,\\\"fontColor\\\":\\\"Black\\\",\\\"imageWidth\\\":0.0,\\\"imageHeight\\\":0.0,\\\"itemDisplayName\\\":\\\"to2\\\",\\\"itemContent\\\":\\\"\\\",\\\"itemName\\\":\\\"to2\\\",\\\"isImage\\\":false},{\\\"xCoord\\\":222.0,\\\"yCoord\\\":312.0,\\\"fontWidth\\\":200.0,\\\"isBold\\\":\\\"0\\\",\\\"font\\\":\\\"Times-Roman\\\",\\\"fontSize\\\":10.0,\\\"fontColor\\\":\\\"Black\\\",\\\"imageWidth\\\":0.0,\\\"imageHeight\\\":0.0,\\\"itemDisplayName\\\":\\\"by2\\\",\\\"itemContent\\\":\\\"\\\",\\\"itemName\\\":\\\"by2\\\",\\\"isImage\\\":false},{\\\"xCoord\\\":245.0,\\\"yCoord\\\":312.0,\\\"fontWidth\\\":200.0,\\\"isBold\\\":\\\"0\\\",\\\"font\\\":\\\"Times-Roman\\\",\\\"fontSize\\\":10.0,\\\"fontColor\\\":\\\"Black\\\",\\\"imageWidth\\\":0.0,\\\"imageHeight\\\":0.0,\\\"itemDisplayName\\\":\\\"to3\\\",\\\"itemContent\\\":\\\"\\\",\\\"itemName\\\":\\\"to3\\\",\\\"isImage\\\":false},{\\\"xCoord\\\":274.0,\\\"yCoord\\\":312.0,\\\"fontWidth\\\":200.0,\\\"isBold\\\":\\\"0\\\",\\\"font\\\":\\\"Times-Roman\\\",\\\"fontSize\\\":10.0,\\\"fontColor\\\":\\\"Black\\\",\\\"imageWidth\\\":0.0,\\\"imageHeight\\\":0.0,\\\"itemDisplayName\\\":\\\"by3\\\",\\\"itemContent\\\":\\\"\\\",\\\"itemName\\\":\\\"by3\\\",\\\"isImage\\\":false},{\\\"xCoord\\\":296.0,\\\"yCoord\\\":312.0,\\\"fontWidth\\\":200.0,\\\"isBold\\\":\\\"0\\\",\\\"font\\\":\\\"Times-Roman\\\",\\\"fontSize\\\":10.0,\\\"fontColor\\\":\\\"Black\\\",\\\"imageWidth\\\":0.0,\\\"imageHeight\\\":0.0,\\\"itemDisplayName\\\":\\\"currency\\\",\\\"itemContent\\\":\\\"\\\",\\\"itemName\\\":\\\"currency\\\",\\\"isImage\\\":false},{\\\"xCoord\\\":345.0,\\\"yCoord\\\":314.0,\\\"fontWidth\\\":200.0,\\\"isBold\\\":\\\"0\\\",\\\"font\\\":\\\"Times-Roman\\\",\\\"fontSize\\\":9.0,\\\"fontColor\\\":\\\"Black\\\",\\\"imageWidth\\\":0.0,\\\"imageHeight\\\":0.0,\\\"itemDisplayName\\\":\\\"wt\\\",\\\"itemContent\\\":\\\"P\\\",\\\"itemName\\\":\\\"wt\\\",\\\"isImage\\\":false},{\\\"xCoord\\\":360.0,\\\"yCoord\\\":314.0,\\\"fontWidth\\\":200.0,\\\"isBold\\\":\\\"0\\\",\\\"font\\\":\\\"Times-Roman\\\",\\\"fontSize\\\":9.0,\\\"fontColor\\\":\\\"Black\\\",\\\"imageWidth\\\":0.0,\\\"imageHeight\\\":0.0,\\\"itemDisplayName\\\":\\\"val\\\",\\\"itemContent\\\":\\\"\\\",\\\"itemName\\\":\\\"val\\\",\\\"isImage\\\":false},{\\\"xCoord\\\":374.0,\\\"yCoord\\\":314.0,\\\"fontWidth\\\":200.0,\\\"isBold\\\":\\\"0\\\",\\\"font\\\":\\\"Times-Roman\\\",\\\"fontSize\\\":9.0,\\\"fontColor\\\":\\\"Black\\\",\\\"imageWidth\\\":0.0,\\\"imageHeight\\\":0.0,\\\"itemDisplayName\\\":\\\"other1\\\",\\\"itemContent\\\":\\\"P\\\",\\\"itemName\\\":\\\"other1\\\",\\\"isImage\\\":false},{\\\"xCoord\\\":389.0,\\\"yCoord\\\":314.0,\\\"fontWidth\\\":200.0,\\\"isBold\\\":\\\"0\\\",\\\"font\\\":\\\"Times-Roman\\\",\\\"fontSize\\\":9.0,\\\"fontColor\\\":\\\"Black\\\",\\\"imageWidth\\\":0.0,\\\"imageHeight\\\":0.0,\\\"itemDisplayName\\\":\\\"other2\\\",\\\"itemContent\\\":\\\"\\\",\\\"itemName\\\":\\\"other2\\\",\\\"isImage\\\":false},{\\\"xCoord\\\":425.0,\\\"yCoord\\\":312.0,\\\"fontWidth\\\":200.0,\\\"isBold\\\":\\\"0\\\",\\\"font\\\":\\\"Times-Roman\\\",\\\"fontSize\\\":10.0,\\\"fontColor\\\":\\\"Black\\\",\\\"imageWidth\\\":0.0,\\\"imageHeight\\\":0.0,\\\"itemDisplayName\\\":\\\"dvCarrier\\\",\\\"itemContent\\\":\\\"N.V.D\\\",\\\"itemName\\\":\\\"dvCarrier\\\",\\\"isImage\\\":false},{\\\"xCoord\\\":505.0,\\\"yCoord\\\":312.0,\\\"fontWidth\\\":200.0,\\\"isBold\\\":\\\"0\\\",\\\"font\\\":\\\"Times-Roman\\\",\\\"fontSize\\\":10.0,\\\"fontColor\\\":\\\"Black\\\",\\\"imageWidth\\\":0.0,\\\"imageHeight\\\":0.0,\\\"itemDisplayName\\\":\\\"dvCus\\\",\\\"itemContent\\\":\\\"N.C.V\\\",\\\"itemName\\\":\\\"dvCus\\\",\\\"isImage\\\":false},{\\\"xCoord\\\":0.0,\\\"yCoord\\\":0.0,\\\"fontWidth\\\":200.0,\\\"isBold\\\":\\\"0\\\",\\\"font\\\":\\\"Times-Roman\\\",\\\"fontSize\\\":10.0,\\\"fontColor\\\":\\\"Black\\\",\\\"imageWidth\\\":0.0,\\\"imageHeight\\\":0.0,\\\"itemDisplayName\\\":\\\"airPortDestination\\\",\\\"itemContent\\\":\\\"LGG\\\",\\\"itemName\\\":\\\"airPortDestination\\\",\\\"isImage\\\":false},{\\\"xCoord\\\":37.0,\\\"yCoord\\\":334.0,\\\"fontWidth\\\":200.0,\\\"isBold\\\":\\\"0\\\",\\\"font\\\":\\\"Times-Roman\\\",\\\"fontSize\\\":10.0,\\\"fontColor\\\":\\\"Black\\\",\\\"imageWidth\\\":0.0,\\\"imageHeight\\\":0.0,\\\"itemDisplayName\\\":\\\"airPortDestination1\\\",\\\"itemContent\\\":\\\"LiegeBierset Airport\\\",\\\"itemName\\\":\\\"airPortDestination1\\\",\\\"isImage\\\":false},{\\\"xCoord\\\":167.0,\\\"yCoord\\\":336.0,\\\"fontWidth\\\":200.0,\\\"isBold\\\":\\\"0\\\",\\\"font\\\":\\\"Times-Roman\\\",\\\"fontSize\\\":10.0,\\\"fontColor\\\":\\\"Black\\\",\\\"imageWidth\\\":0.0,\\\"imageHeight\\\":0.0,\\\"itemDisplayName\\\":\\\"flight1\\\",\\\"itemContent\\\":\\\"HB-TEST07\\\",\\\"itemName\\\":\\\"flight1\\\",\\\"isImage\\\":false},{\\\"xCoord\\\":0.0,\\\"yCoord\\\":0.0,\\\"fontWidth\\\":200.0,\\\"isBold\\\":\\\"0\\\",\\\"font\\\":\\\"Times-Roman\\\",\\\"fontSize\\\":10.0,\\\"fontColor\\\":\\\"Black\\\",\\\"imageWidth\\\":0.0,\\\"imageHeight\\\":0.0,\\\"itemDisplayName\\\":\\\"etd1\\\",\\\"itemContent\\\":\\\"2022-11-17 00:00:00\\\",\\\"itemName\\\":\\\"etd1\\\",\\\"isImage\\\":false},{\\\"xCoord\\\":0.0,\\\"yCoord\\\":0.0,\\\"fontWidth\\\":200.0,\\\"isBold\\\":\\\"0\\\",\\\"font\\\":\\\"Times-Roman\\\",\\\"fontSize\\\":10.0,\\\"fontColor\\\":\\\"Black\\\",\\\"imageWidth\\\":0.0,\\\"imageHeight\\\":0.0,\\\"itemDisplayName\\\":\\\"flight2\\\",\\\"itemContent\\\":\\\"\\\",\\\"itemName\\\":\\\"flight2\\\",\\\"isImage\\\":false},{\\\"xCoord\\\":0.0,\\\"yCoord\\\":0.0,\\\"fontWidth\\\":200.0,\\\"isBold\\\":\\\"0\\\",\\\"font\\\":\\\"Times-Roman\\\",\\\"fontSize\\\":10.0,\\\"fontColor\\\":\\\"Black\\\",\\\"imageWidth\\\":0.0,\\\"imageHeight\\\":0.0,\\\"itemDisplayName\\\":\\\"etd2\\\",\\\"itemContent\\\":\\\"\\\",\\\"itemName\\\":\\\"etd2\\\",\\\"isImage\\\":false},{\\\"xCoord\\\":320.0,\\\"yCoord\\\":334.0,\\\"fontWidth\\\":200.0,\\\"isBold\\\":\\\"0\\\",\\\"font\\\":\\\"Times-Roman\\\",\\\"fontSize\\\":10.0,\\\"fontColor\\\":\\\"Black\\\",\\\"imageWidth\\\":0.0,\\\"imageHeight\\\":0.0,\\\"itemDisplayName\\\":\\\"accountInsurance\\\",\\\"itemContent\\\":\\\"xxx\\\",\\\"itemName\\\":\\\"accountInsurance\\\",\\\"isImage\\\":false},{\\\"xCoord\\\":37.0,\\\"yCoord\\\":357.0,\\\"fontWidth\\\":1000.0,\\\"isBold\\\":\\\"0\\\",\\\"font\\\":\\\"Times-Roman\\\",\\\"fontSize\\\":7.0,\\\"fontColor\\\":\\\"Black\\\",\\\"imageWidth\\\":0.0,\\\"imageHeight\\\":0.0,\\\"itemDisplayName\\\":\\\"handingInfo\\\",\\\"itemContent\\\":\\\"\\\",\\\"itemName\\\":\\\"handingInfo\\\",\\\"isImage\\\":false},{\\\"xCoord\\\":0.0,\\\"yCoord\\\":0.0,\\\"fontWidth\\\":200.0,\\\"isBold\\\":\\\"0\\\",\\\"font\\\":\\\"Times-Roman\\\",\\\"fontSize\\\":10.0,\\\"fontColor\\\":\\\"Black\\\",\\\"imageWidth\\\":0.0,\\\"imageHeight\\\":0.0,\\\"itemDisplayName\\\":\\\"handingCode\\\",\\\"itemContent\\\":\\\"\\\",\\\"itemName\\\":\\\"handingCode\\\",\\\"isImage\\\":false},{\\\"xCoord\\\":410.0,\\\"yCoord\\\":420.0,\\\"fontWidth\\\":200.0,\\\"isBold\\\":\\\"0\\\",\\\"font\\\":\\\"Times-Roman\\\",\\\"fontSize\\\":10.0,\\\"fontColor\\\":\\\"Black\\\",\\\"imageWidth\\\":0.0,\\\"imageHeight\\\":0.0,\\\"itemDisplayName\\\":\\\"goodDescription1\\\",\\\"itemContent\\\":\\\"\\\",\\\"itemName\\\":\\\"goodDescription1\\\",\\\"isImage\\\":false},{\\\"xCoord\\\":410.0,\\\"yCoord\\\":430.0,\\\"fontWidth\\\":200.0,\\\"isBold\\\":\\\"0\\\",\\\"font\\\":\\\"Times-Roman\\\",\\\"fontSize\\\":10.0,\\\"fontColor\\\":\\\"Black\\\",\\\"imageWidth\\\":0.0,\\\"imageHeight\\\":0.0,\\\"itemDisplayName\\\":\\\"goodDescription2\\\",\\\"itemContent\\\":\\\"\\\",\\\"itemName\\\":\\\"goodDescription2\\\",\\\"isImage\\\":false},{\\\"xCoord\\\":410.0,\\\"yCoord\\\":440.0,\\\"fontWidth\\\":200.0,\\\"isBold\\\":\\\"0\\\",\\\"font\\\":\\\"Times-Roman\\\",\\\"fontSize\\\":10.0,\\\"fontColor\\\":\\\"Black\\\",\\\"imageWidth\\\":0.0,\\\"imageHeight\\\":0.0,\\\"itemDisplayName\\\":\\\"goodDescription3\\\",\\\"itemContent\\\":\\\"\\\",\\\"itemName\\\":\\\"goodDescription3\\\",\\\"isImage\\\":false},{\\\"xCoord\\\":410.0,\\\"yCoord\\\":450.0,\\\"fontWidth\\\":200.0,\\\"isBold\\\":\\\"0\\\",\\\"font\\\":\\\"Times-Roman\\\",\\\"fontSize\\\":10.0,\\\"fontColor\\\":\\\"Black\\\",\\\"imageWidth\\\":0.0,\\\"imageHeight\\\":0.0,\\\"itemDisplayName\\\":\\\"goodDescription4\\\",\\\"itemContent\\\":\\\"\\\",\\\"itemName\\\":\\\"goodDescription4\\\",\\\"isImage\\\":false},{\\\"xCoord\\\":410.0,\\\"yCoord\\\":460.0,\\\"fontWidth\\\":200.0,\\\"isBold\\\":\\\"0\\\",\\\"font\\\":\\\"Times-Roman\\\",\\\"fontSize\\\":10.0,\\\"fontColor\\\":\\\"Black\\\",\\\"imageWidth\\\":0.0,\\\"imageHeight\\\":0.0,\\\"itemDisplayName\\\":\\\"goodDescription5\\\",\\\"itemContent\\\":\\\"\\\",\\\"itemName\\\":\\\"goodDescription5\\\",\\\"isImage\\\":false},{\\\"xCoord\\\":410.0,\\\"yCoord\\\":470.0,\\\"fontWidth\\\":200.0,\\\"isBold\\\":\\\"0\\\",\\\"font\\\":\\\"Times-Roman\\\",\\\"fontSize\\\":10.0,\\\"fontColor\\\":\\\"Black\\\",\\\"imageWidth\\\":0.0,\\\"imageHeight\\\":0.0,\\\"itemDisplayName\\\":\\\"goodDescription6\\\",\\\"itemContent\\\":\\\"\\\",\\\"itemName\\\":\\\"goodDescription6\\\",\\\"isImage\\\":false},{\\\"xCoord\\\":410.0,\\\"yCoord\\\":480.0,\\\"fontWidth\\\":200.0,\\\"isBold\\\":\\\"0\\\",\\\"font\\\":\\\"Times-Roman\\\",\\\"fontSize\\\":10.0,\\\"fontColor\\\":\\\"Black\\\",\\\"imageWidth\\\":0.0,\\\"imageHeight\\\":0.0,\\\"itemDisplayName\\\":\\\"goodDescription7\\\",\\\"itemContent\\\":\\\"\\\",\\\"itemName\\\":\\\"goodDescription7\\\",\\\"isImage\\\":false},{\\\"xCoord\\\":0.0,\\\"yCoord\\\":490.0,\\\"fontWidth\\\":200.0,\\\"isBold\\\":\\\"0\\\",\\\"font\\\":\\\"Times-Roman\\\",\\\"fontSize\\\":10.0,\\\"fontColor\\\":\\\"Black\\\",\\\"imageWidth\\\":0.0,\\\"imageHeight\\\":0.0,\\\"itemDisplayName\\\":\\\"goodDescription8\\\",\\\"itemContent\\\":\\\"\\\",\\\"itemName\\\":\\\"goodDescription8\\\",\\\"isImage\\\":false},{\\\"xCoord\\\":0.0,\\\"yCoord\\\":0.0,\\\"fontWidth\\\":200.0,\\\"isBold\\\":\\\"0\\\",\\\"font\\\":\\\"Times-Roman\\\",\\\"fontSize\\\":10.0,\\\"fontColor\\\":\\\"Black\\\",\\\"imageWidth\\\":0.0,\\\"imageHeight\\\":0.0,\\\"itemDisplayName\\\":\\\"marks1\\\",\\\"itemContent\\\":\\\"\\\",\\\"itemName\\\":\\\"marks1\\\",\\\"isImage\\\":false},{\\\"xCoord\\\":0.0,\\\"yCoord\\\":0.0,\\\"fontWidth\\\":200.0,\\\"isBold\\\":\\\"0\\\",\\\"font\\\":\\\"Times-Roman\\\",\\\"fontSize\\\":10.0,\\\"fontColor\\\":\\\"Black\\\",\\\"imageWidth\\\":0.0,\\\"imageHeight\\\":0.0,\\\"itemDisplayName\\\":\\\"marks2\\\",\\\"itemContent\\\":\\\"\\\",\\\"itemName\\\":\\\"marks2\\\",\\\"isImage\\\":false},{\\\"xCoord\\\":0.0,\\\"yCoord\\\":0.0,\\\"fontWidth\\\":200.0,\\\"isBold\\\":\\\"0\\\",\\\"font\\\":\\\"Times-Roman\\\",\\\"fontSize\\\":10.0,\\\"fontColor\\\":\\\"Black\\\",\\\"imageWidth\\\":0.0,\\\"imageHeight\\\":0.0,\\\"itemDisplayName\\\":\\\"marks3\\\",\\\"itemContent\\\":\\\"\\\",\\\"itemName\\\":\\\"marks3\\\",\\\"isImage\\\":false},{\\\"xCoord\\\":0.0,\\\"yCoord\\\":0.0,\\\"fontWidth\\\":200.0,\\\"isBold\\\":\\\"0\\\",\\\"font\\\":\\\"Times-Roman\\\",\\\"fontSize\\\":10.0,\\\"fontColor\\\":\\\"Black\\\",\\\"imageWidth\\\":0.0,\\\"imageHeight\\\":0.0,\\\"itemDisplayName\\\":\\\"marks4\\\",\\\"itemContent\\\":\\\"\\\",\\\"itemName\\\":\\\"marks4\\\",\\\"isImage\\\":false},{\\\"xCoord\\\":0.0,\\\"yCoord\\\":0.0,\\\"fontWidth\\\":200.0,\\\"isBold\\\":\\\"0\\\",\\\"font\\\":\\\"Times-Roman\\\",\\\"fontSize\\\":10.0,\\\"fontColor\\\":\\\"Black\\\",\\\"imageWidth\\\":0.0,\\\"imageHeight\\\":0.0,\\\"itemDisplayName\\\":\\\"marks5\\\",\\\"itemContent\\\":\\\"\\\",\\\"itemName\\\":\\\"marks5\\\",\\\"isImage\\\":false},{\\\"xCoord\\\":0.0,\\\"yCoord\\\":0.0,\\\"fontWidth\\\":200.0,\\\"isBold\\\":\\\"0\\\",\\\"font\\\":\\\"Times-Roman\\\",\\\"fontSize\\\":10.0,\\\"fontColor\\\":\\\"Black\\\",\\\"imageWidth\\\":0.0,\\\"imageHeight\\\":0.0,\\\"itemDisplayName\\\":\\\"marks6\\\",\\\"itemContent\\\":\\\"\\\",\\\"itemName\\\":\\\"marks6\\\",\\\"isImage\\\":false},{\\\"xCoord\\\":0.0,\\\"yCoord\\\":0.0,\\\"fontWidth\\\":200.0,\\\"isBold\\\":\\\"0\\\",\\\"font\\\":\\\"Times-Roman\\\",\\\"fontSize\\\":10.0,\\\"fontColor\\\":\\\"Black\\\",\\\"imageWidth\\\":0.0,\\\"imageHeight\\\":0.0,\\\"itemDisplayName\\\":\\\"marks7\\\",\\\"itemContent\\\":\\\"\\\",\\\"itemName\\\":\\\"marks7\\\",\\\"isImage\\\":false},{\\\"xCoord\\\":0.0,\\\"yCoord\\\":0.0,\\\"fontWidth\\\":200.0,\\\"isBold\\\":\\\"0\\\",\\\"font\\\":\\\"Times-Roman\\\",\\\"fontSize\\\":10.0,\\\"fontColor\\\":\\\"Black\\\",\\\"imageWidth\\\":0.0,\\\"imageHeight\\\":0.0,\\\"itemDisplayName\\\":\\\"marks8\\\",\\\"itemContent\\\":\\\"\\\",\\\"itemName\\\":\\\"marks8\\\",\\\"isImage\\\":false},{\\\"xCoord\\\":37.0,\\\"yCoord\\\":426.0,\\\"fontWidth\\\":200.0,\\\"isBold\\\":\\\"0\\\",\\\"font\\\":\\\"Times-Roman\\\",\\\"fontSize\\\":10.0,\\\"fontColor\\\":\\\"Black\\\",\\\"imageWidth\\\":0.0,\\\"imageHeight\\\":0.0,\\\"itemDisplayName\\\":\\\"pieces\\\",\\\"itemContent\\\":\\\"0\\\",\\\"itemName\\\":\\\"pieces\\\",\\\"isImage\\\":false},{\\\"xCoord\\\":0.0,\\\"yCoord\\\":0.0,\\\"fontWidth\\\":200.0,\\\"isBold\\\":\\\"0\\\",\\\"font\\\":\\\"Times-Roman\\\",\\\"fontSize\\\":10.0,\\\"fontColor\\\":\\\"Black\\\",\\\"imageWidth\\\":0.0,\\\"imageHeight\\\":0.0,\\\"itemDisplayName\\\":\\\"packages\\\",\\\"itemContent\\\":\\\"0\\\",\\\"itemName\\\":\\\"packages\\\",\\\"isImage\\\":false},{\\\"xCoord\\\":70.0,\\\"yCoord\\\":426.0,\\\"fontWidth\\\":200.0,\\\"isBold\\\":\\\"0\\\",\\\"font\\\":\\\"Times-Roman\\\",\\\"fontSize\\\":10.0,\\\"fontColor\\\":\\\"Black\\\",\\\"imageWidth\\\":0.0,\\\"imageHeight\\\":0.0,\\\"itemDisplayName\\\":\\\"grossWeight\\\",\\\"itemContent\\\":\\\"0\\\",\\\"itemName\\\":\\\"grossWeight\\\",\\\"isImage\\\":false},{\\\"xCoord\\\":460.0,\\\"yCoord\\\":566.0,\\\"fontWidth\\\":200.0,\\\"isBold\\\":\\\"0\\\",\\\"font\\\":\\\"Times-Roman\\\",\\\"fontSize\\\":10.0,\\\"fontColor\\\":\\\"Black\\\",\\\"imageWidth\\\":0.0,\\\"imageHeight\\\":0.0,\\\"itemDisplayName\\\":\\\"volume\\\",\\\"itemContent\\\":\\\"0\\\",\\\"itemName\\\":\\\"volume\\\",\\\"isImage\\\":false},{\\\"xCoord\\\":200.0,\\\"yCoord\\\":426.0,\\\"fontWidth\\\":200.0,\\\"isBold\\\":\\\"0\\\",\\\"font\\\":\\\"Times-Roman\\\",\\\"fontSize\\\":10.0,\\\"fontColor\\\":\\\"Black\\\",\\\"imageWidth\\\":0.0,\\\"imageHeight\\\":0.0,\\\"itemDisplayName\\\":\\\"cWeight\\\",\\\"itemContent\\\":\\\"0\\\",\\\"itemName\\\":\\\"cWeight\\\",\\\"isImage\\\":false},{\\\"xCoord\\\":125.0,\\\"yCoord\\\":426.0,\\\"fontWidth\\\":200.0,\\\"isBold\\\":\\\"0\\\",\\\"font\\\":\\\"Times-Roman\\\",\\\"fontSize\\\":10.0,\\\"fontColor\\\":\\\"Black\\\",\\\"imageWidth\\\":0.0,\\\"imageHeight\\\":0.0,\\\"itemDisplayName\\\":\\\"rateClass\\\",\\\"itemContent\\\":\\\"\\\",\\\"itemName\\\":\\\"rateClass\\\",\\\"isImage\\\":false},{\\\"xCoord\\\":260.0,\\\"yCoord\\\":426.0,\\\"fontWidth\\\":200.0,\\\"isBold\\\":\\\"0\\\",\\\"font\\\":\\\"Times-Roman\\\",\\\"fontSize\\\":10.0,\\\"fontColor\\\":\\\"Black\\\",\\\"imageWidth\\\":0.0,\\\"imageHeight\\\":0.0,\\\"itemDisplayName\\\":\\\"rateKg\\\",\\\"itemContent\\\":\\\"56.81\\\",\\\"itemName\\\":\\\"rateKg\\\",\\\"isImage\\\":false},{\\\"xCoord\\\":320.0,\\\"yCoord\\\":426.0,\\\"fontWidth\\\":200.0,\\\"isBold\\\":\\\"0\\\",\\\"font\\\":\\\"Times-Roman\\\",\\\"fontSize\\\":10.0,\\\"fontColor\\\":\\\"Black\\\",\\\"formatType\\\":\\\"1\\\",\\\"formatString\\\":\\\"0.00\\\",\\\"imageWidth\\\":0.0,\\\"imageHeight\\\":0.0,\\\"itemDisplayName\\\":\\\"total\\\",\\\"itemContent\\\":\\\"0.00\\\",\\\"itemName\\\":\\\"total\\\",\\\"isImage\\\":false},{\\\"xCoord\\\":50.0,\\\"yCoord\\\":594.0,\\\"fontWidth\\\":200.0,\\\"isBold\\\":\\\"0\\\",\\\"font\\\":\\\"Times-Roman\\\",\\\"fontSize\\\":10.0,\\\"fontColor\\\":\\\"Black\\\",\\\"imageWidth\\\":0.0,\\\"imageHeight\\\":0.0,\\\"itemDisplayName\\\":\\\"weightChargePrepaid\\\",\\\"itemContent\\\":\\\"0.00\\\",\\\"itemName\\\":\\\"weightChargePrepaid\\\",\\\"isImage\\\":false},{\\\"xCoord\\\":150.0,\\\"yCoord\\\":594.0,\\\"fontWidth\\\":200.0,\\\"isBold\\\":\\\"0\\\",\\\"font\\\":\\\"Times-Roman\\\",\\\"fontSize\\\":10.0,\\\"fontColor\\\":\\\"Black\\\",\\\"formatType\\\":\\\"1\\\",\\\"formatString\\\":\\\"0.00\\\",\\\"imageWidth\\\":0.0,\\\"imageHeight\\\":0.0,\\\"itemDisplayName\\\":\\\"weightChargeCollect\\\",\\\"itemContent\\\":\\\"\\\",\\\"itemName\\\":\\\"weightChargeCollect\\\",\\\"isImage\\\":false},{\\\"xCoord\\\":50.0,\\\"yCoord\\\":617.0,\\\"fontWidth\\\":200.0,\\\"isBold\\\":\\\"0\\\",\\\"font\\\":\\\"Times-Roman\\\",\\\"fontSize\\\":10.0,\\\"fontColor\\\":\\\"Black\\\",\\\"formatType\\\":\\\"1\\\",\\\"formatString\\\":\\\"0.00\\\",\\\"imageWidth\\\":0.0,\\\"imageHeight\\\":0.0,\\\"itemDisplayName\\\":\\\"valuationChargePrepaid\\\",\\\"itemContent\\\":\\\"\\\",\\\"itemName\\\":\\\"valuationChargePrepaid\\\",\\\"isImage\\\":false},{\\\"xCoord\\\":150.0,\\\"yCoord\\\":617.0,\\\"fontWidth\\\":200.0,\\\"isBold\\\":\\\"0\\\",\\\"font\\\":\\\"Times-Roman\\\",\\\"fontSize\\\":10.0,\\\"fontColor\\\":\\\"Black\\\",\\\"formatType\\\":\\\"1\\\",\\\"formatString\\\":\\\"0.00\\\",\\\"imageWidth\\\":0.0,\\\"imageHeight\\\":0.0,\\\"itemDisplayName\\\":\\\"valuationChargeCollect\\\",\\\"itemContent\\\":\\\"\\\",\\\"itemName\\\":\\\"valuationChargeCollect\\\",\\\"isImage\\\":false},{\\\"xCoord\\\":50.0,\\\"yCoord\\\":641.0,\\\"fontWidth\\\":200.0,\\\"isBold\\\":\\\"0\\\",\\\"font\\\":\\\"Times-Roman\\\",\\\"fontSize\\\":10.0,\\\"fontColor\\\":\\\"Black\\\",\\\"formatType\\\":\\\"1\\\",\\\"formatString\\\":\\\"0.00\\\",\\\"imageWidth\\\":0.0,\\\"imageHeight\\\":0.0,\\\"itemDisplayName\\\":\\\"taxPrepaid\\\",\\\"itemContent\\\":\\\"\\\",\\\"itemName\\\":\\\"taxPrepaid\\\",\\\"isImage\\\":false},{\\\"xCoord\\\":150.0,\\\"yCoord\\\":641.0,\\\"fontWidth\\\":200.0,\\\"isBold\\\":\\\"0\\\",\\\"font\\\":\\\"Times-Roman\\\",\\\"fontSize\\\":10.0,\\\"fontColor\\\":\\\"Black\\\",\\\"formatType\\\":\\\"1\\\",\\\"formatString\\\":\\\"0.00\\\",\\\"imageWidth\\\":0.0,\\\"imageHeight\\\":0.0,\\\"itemDisplayName\\\":\\\"taxCollect\\\",\\\"itemContent\\\":\\\"\\\",\\\"itemName\\\":\\\"taxCollect\\\",\\\"isImage\\\":false},{\\\"xCoord\\\":50.0,\\\"yCoord\\\":665.0,\\\"fontWidth\\\":200.0,\\\"isBold\\\":\\\"0\\\",\\\"font\\\":\\\"Times-Roman\\\",\\\"fontSize\\\":10.0,\\\"fontColor\\\":\\\"Black\\\",\\\"formatType\\\":\\\"1\\\",\\\"formatString\\\":\\\"0.00\\\",\\\"imageWidth\\\":0.0,\\\"imageHeight\\\":0.0,\\\"itemDisplayName\\\":\\\"dueAgentPrepaid\\\",\\\"itemContent\\\":\\\"\\\",\\\"itemName\\\":\\\"dueAgentPrepaid\\\",\\\"isImage\\\":false},{\\\"xCoord\\\":150.0,\\\"yCoord\\\":665.0,\\\"fontWidth\\\":200.0,\\\"isBold\\\":\\\"0\\\",\\\"font\\\":\\\"Times-Roman\\\",\\\"fontSize\\\":10.0,\\\"fontColor\\\":\\\"Black\\\",\\\"formatType\\\":\\\"1\\\",\\\"formatString\\\":\\\"0.00\\\",\\\"imageWidth\\\":0.0,\\\"imageHeight\\\":0.0,\\\"itemDisplayName\\\":\\\"dueAgentCollect\\\",\\\"itemContent\\\":\\\"\\\",\\\"itemName\\\":\\\"dueAgentCollect\\\",\\\"isImage\\\":false},{\\\"xCoord\\\":50.0,\\\"yCoord\\\":689.0,\\\"fontWidth\\\":200.0,\\\"isBold\\\":\\\"0\\\",\\\"font\\\":\\\"Times-Roman\\\",\\\"fontSize\\\":10.0,\\\"fontColor\\\":\\\"Black\\\",\\\"formatType\\\":\\\"1\\\",\\\"formatString\\\":\\\"0.00\\\",\\\"imageWidth\\\":0.0,\\\"imageHeight\\\":0.0,\\\"itemDisplayName\\\":\\\"dueCarrierPrepaid\\\",\\\"itemContent\\\":\\\"\\\",\\\"itemName\\\":\\\"dueCarrierPrepaid\\\",\\\"isImage\\\":false},{\\\"xCoord\\\":150.0,\\\"yCoord\\\":689.0,\\\"fontWidth\\\":200.0,\\\"isBold\\\":\\\"0\\\",\\\"font\\\":\\\"Times-Roman\\\",\\\"fontSize\\\":10.0,\\\"fontColor\\\":\\\"Black\\\",\\\"formatType\\\":\\\"1\\\",\\\"formatString\\\":\\\"0.00\\\",\\\"imageWidth\\\":0.0,\\\"imageHeight\\\":0.0,\\\"itemDisplayName\\\":\\\"dueCarrierCollect\\\",\\\"itemContent\\\":\\\"\\\",\\\"itemName\\\":\\\"dueCarrierCollect\\\",\\\"isImage\\\":false},{\\\"xCoord\\\":50.0,\\\"yCoord\\\":737.0,\\\"fontWidth\\\":200.0,\\\"isBold\\\":\\\"0\\\",\\\"font\\\":\\\"Times-Roman\\\",\\\"fontSize\\\":10.0,\\\"fontColor\\\":\\\"Black\\\",\\\"formatType\\\":\\\"1\\\",\\\"formatString\\\":\\\"0.00\\\",\\\"imageWidth\\\":0.0,\\\"imageHeight\\\":0.0,\\\"itemDisplayName\\\":\\\"totalPrepaid\\\",\\\"itemContent\\\":\\\"0.00\\\",\\\"itemName\\\":\\\"totalPrepaid\\\",\\\"isImage\\\":false},{\\\"xCoord\\\":150.0,\\\"yCoord\\\":737.0,\\\"fontWidth\\\":200.0,\\\"isBold\\\":\\\"0\\\",\\\"font\\\":\\\"Times-Roman\\\",\\\"fontSize\\\":10.0,\\\"fontColor\\\":\\\"Black\\\",\\\"formatType\\\":\\\"1\\\",\\\"formatString\\\":\\\"0.00\\\",\\\"imageWidth\\\":0.0,\\\"imageHeight\\\":0.0,\\\"itemDisplayName\\\":\\\"totalCollect\\\",\\\"itemContent\\\":\\\"\\\",\\\"itemName\\\":\\\"totalCollect\\\",\\\"isImage\\\":false},{\\\"xCoord\\\":0.0,\\\"yCoord\\\":0.0,\\\"fontWidth\\\":200.0,\\\"isBold\\\":\\\"0\\\",\\\"font\\\":\\\"Times-Roman\\\",\\\"fontSize\\\":10.0,\\\"fontColor\\\":\\\"Black\\\",\\\"imageWidth\\\":0.0,\\\"imageHeight\\\":0.0,\\\"itemDisplayName\\\":\\\"sigShipper\\\",\\\"itemContent\\\":\\\"\\\",\\\"itemName\\\":\\\"sigShipper\\\",\\\"isImage\\\":false},{\\\"xCoord\\\":240.0,\\\"yCoord\\\":736.0,\\\"fontWidth\\\":200.0,\\\"isBold\\\":\\\"0\\\",\\\"font\\\":\\\"Times-Roman\\\",\\\"fontSize\\\":10.0,\\\"fontColor\\\":\\\"Black\\\",\\\"imageWidth\\\":0.0,\\\"imageHeight\\\":0.0,\\\"itemDisplayName\\\":\\\"execution\\\",\\\"itemContent\\\":\\\"\\\",\\\"itemName\\\":\\\"execution\\\",\\\"isImage\\\":false},{\\\"xCoord\\\":0.0,\\\"yCoord\\\":0.0,\\\"fontWidth\\\":200.0,\\\"isBold\\\":\\\"0\\\",\\\"font\\\":\\\"Times-Roman\\\",\\\"fontSize\\\":10.0,\\\"fontColor\\\":\\\"Black\\\",\\\"imageWidth\\\":0.0,\\\"imageHeight\\\":0.0,\\\"itemDisplayName\\\":\\\"executionOn\\\",\\\"itemContent\\\":\\\"2022-11-16\\\",\\\"itemName\\\":\\\"executionOn\\\",\\\"isImage\\\":false},{\\\"xCoord\\\":360.0,\\\"yCoord\\\":736.0,\\\"fontWidth\\\":200.0,\\\"isBold\\\":\\\"0\\\",\\\"font\\\":\\\"Times-Roman\\\",\\\"fontSize\\\":10.0,\\\"fontColor\\\":\\\"Black\\\",\\\"imageWidth\\\":0.0,\\\"imageHeight\\\":0.0,\\\"itemDisplayName\\\":\\\"executionAt\\\",\\\"itemContent\\\":\\\"QINGDAO\\\",\\\"itemName\\\":\\\"executionAt\\\",\\\"isImage\\\":false},{\\\"xCoord\\\":450.0,\\\"yCoord\\\":736.0,\\\"fontWidth\\\":200.0,\\\"isBold\\\":\\\"0\\\",\\\"font\\\":\\\"Times-Roman\\\",\\\"fontSize\\\":10.0,\\\"fontColor\\\":\\\"Black\\\",\\\"imageWidth\\\":0.0,\\\"imageHeight\\\":0.0,\\\"itemDisplayName\\\":\\\"sigIssuing\\\",\\\"itemContent\\\":\\\"\\\",\\\"itemName\\\":\\\"sigIssuing\\\",\\\"isImage\\\":false},{\\\"xCoord\\\":0.0,\\\"yCoord\\\":0.0,\\\"fontWidth\\\":200.0,\\\"isBold\\\":\\\"0\\\",\\\"font\\\":\\\"Times-Roman\\\",\\\"fontSize\\\":10.0,\\\"fontColor\\\":\\\"Black\\\",\\\"imageWidth\\\":0.0,\\\"imageHeight\\\":0.0,\\\"itemDisplayName\\\":\\\"accountingInfo1\\\",\\\"itemContent\\\":\\\"\\\",\\\"itemName\\\":\\\"accountingInfo1\\\",\\\"isImage\\\":false},{\\\"xCoord\\\":0.0,\\\"yCoord\\\":0.0,\\\"fontWidth\\\":200.0,\\\"isBold\\\":\\\"0\\\",\\\"font\\\":\\\"Times-Roman\\\",\\\"fontSize\\\":10.0,\\\"fontColor\\\":\\\"Black\\\",\\\"imageWidth\\\":0.0,\\\"imageHeight\\\":0.0,\\\"itemDisplayName\\\":\\\"dim\\\",\\\"itemContent\\\":\\\"\\\",\\\"itemName\\\":\\\"dim\\\",\\\"isImage\\\":false},{\\\"xCoord\\\":250.0,\\\"yCoord\\\":600.0,\\\"fontWidth\\\":300.0,\\\"isBold\\\":\\\"0\\\",\\\"font\\\":\\\"Times-Roman\\\",\\\"fontSize\\\":10.0,\\\"fontColor\\\":\\\"Black\\\",\\\"imageWidth\\\":0.0,\\\"imageHeight\\\":0.0,\\\"itemDisplayName\\\":\\\"chargesFee\\\",\\\"itemContent\\\":\\\"\\\",\\\"itemName\\\":\\\"charges_list\\\",\\\"isImage\\\":false},{\\\"xCoord\\\":235.0,\\\"yCoord\\\":336.0,\\\"fontWidth\\\":300.0,\\\"isBold\\\":\\\"0\\\",\\\"font\\\":\\\"Times-Roman\\\",\\\"fontSize\\\":10.0,\\\"fontColor\\\":\\\"Black\\\",\\\"imageWidth\\\":0.0,\\\"imageHeight\\\":0.0,\\\"itemDisplayName\\\":\\\"FlightDate1\\\",\\\"itemContent\\\":\\\"17-Nov-2022\\\",\\\"itemName\\\":\\\"etd1_format\\\",\\\"isImage\\\":false},{\\\"xCoord\\\":290.0,\\\"yCoord\\\":736.0,\\\"fontWidth\\\":300.0,\\\"isBold\\\":\\\"0\\\",\\\"font\\\":\\\"Times-Roman\\\",\\\"fontSize\\\":10.0,\\\"fontColor\\\":\\\"Black\\\",\\\"imageWidth\\\":0.0,\\\"imageHeight\\\":0.0,\\\"itemDisplayName\\\":\\\"Exected On Date1\\\",\\\"itemContent\\\":\\\"16-Nov-2022\\\",\\\"itemName\\\":\\\"executionOn_format\\\",\\\"isImage\\\":false},{\\\"xCoord\\\":450.0,\\\"yCoord\\\":778.0,\\\"fontWidth\\\":300.0,\\\"isBold\\\":\\\"1\\\",\\\"font\\\":\\\"Times-Roman\\\",\\\"fontSize\\\":12.0,\\\"fontColor\\\":\\\"Black\\\",\\\"imageWidth\\\":0.0,\\\"imageHeight\\\":0.0,\\\"itemDisplayName\\\":\\\"主单号Bottom\\\",\\\"itemContent\\\":\\\"756-29439512\\\",\\\"itemName\\\":\\\"mawbNo_bottom\\\",\\\"isImage\\\":false},{\\\"xCoord\\\":300.0,\\\"yCoord\\\":73.0,\\\"fontWidth\\\":300.0,\\\"isBold\\\":\\\"1\\\",\\\"font\\\":\\\"Times-Roman\\\",\\\"fontSize\\\":12.0,\\\"fontColor\\\":\\\"Black\\\",\\\"imageWidth\\\":0.0,\\\"imageHeight\\\":0.0,\\\"itemDisplayName\\\":\\\"Air Waybill\\\",\\\"itemContent\\\":\\\"Air Waybill\\\",\\\"itemName\\\":\\\"airWayBill\\\",\\\"isImage\\\":false},{\\\"xCoord\\\":110.0,\\\"yCoord\\\":426.0,\\\"fontWidth\\\":300.0,\\\"isBold\\\":\\\"0\\\",\\\"font\\\":\\\"Times-Roman\\\",\\\"fontSize\\\":10.0,\\\"fontColor\\\":\\\"Black\\\",\\\"imageWidth\\\":0.0,\\\"imageHeight\\\":0.0,\\\"itemDisplayName\\\":\\\"kg lb\\\",\\\"itemContent\\\":\\\"K\\\",\\\"itemName\\\":\\\"kg\\\",\\\"isImage\\\":false},{\\\"xCoord\\\":410.0,\\\"yCoord\\\":566.0,\\\"fontWidth\\\":300.0,\\\"isBold\\\":\\\"0\\\",\\\"font\\\":\\\"Times-Roman\\\",\\\"fontSize\\\":10.0,\\\"fontColor\\\":\\\"Black\\\",\\\"imageWidth\\\":0.0,\\\"imageHeight\\\":0.0,\\\"itemDisplayName\\\":\\\"VOL:\\\",\\\"itemContent\\\":\\\"VOL:\\\",\\\"itemName\\\":\\\"vol\\\",\\\"isImage\\\":false},{\\\"xCoord\\\":530.0,\\\"yCoord\\\":566.0,\\\"fontWidth\\\":300.0,\\\"isBold\\\":\\\"0\\\",\\\"font\\\":\\\"Times-Roman\\\",\\\"fontSize\\\":10.0,\\\"fontColor\\\":\\\"Black\\\",\\\"imageWidth\\\":0.0,\\\"imageHeight\\\":0.0,\\\"itemDisplayName\\\":\\\"CBM\\\",\\\"itemContent\\\":\\\"CBM\\\",\\\"itemName\\\":\\\"cbm\\\",\\\"isImage\\\":false},{\\\"xCoord\\\":400.0,\\\"yCoord\\\":120.0,\\\"fontWidth\\\":300.0,\\\"isBold\\\":\\\"0\\\",\\\"font\\\":\\\"Times-Roman\\\",\\\"fontSize\\\":10.0,\\\"fontColor\\\":\\\"Black\\\",\\\"imageWidth\\\":100.0,\\\"imageHeight\\\":50.0,\\\"itemDisplayName\\\":\\\"companyImage\\\",\\\"itemContent\\\":\\\"\\\",\\\"itemName\\\":\\\"companyImage\\\",\\\"isImage\\\":true}]\"",
    "remark1": "空运提单空白模版.pdf",
    "remark2": "空运制单打印",
    "remark3": null,
    "remark4": null,
    "remark5": null,
    "remark6": null,
    "remark7": null,
    "remark8": null,
    "remark9": null,
    "remark10": null,
    "create_time": "2022-11-23 13:37:23",
    "create_user": 10,
    "create_user_name": "黄磊",
    "update_time": "2022-12-15 23:30:13",
    "update_user": 1435501435507728416,
    "update_user_name": "LWC02",
    "is_delete": "0"
  }
]